Product_Name,avg_rating,total_reviews,avg_price,brand,category
Davidoff Run Wild Woman Eau De Parfum,5.0,1.0,3320.0,Davidoff,
Issey Miyake L'Eau Super Majeure D'Issey Eau De Toilette,5.0,0.0,3115.0,Issey Miyake,Fragrance > Gifts > Nykaa
Olena Evolve Performance Plant Protein Powder Wild Berry Flavour,5.0,0.0,2499.0,Olena,Health > Wellness > Sports Nutrition > Post Workout
DIOR Diorshow High Intensity Khol Pencil - 099 Black khol,5.0,1.0,2100.0,DIOR,Makeup > Eyes > Kajal
Organice Coral Glitter She Leaves A Little Cosmetic Organizer,5.0,0.0,2650.0,Organice,Makeup > Tools & Brushes > Makeup Pouches
Oxy Whitening Peel Face Wash,5.0,1.0,179.0,OXY,Skin > Cleansers > Face Wash
PRADA L'Homme Intense Eau De Parfum,5.0,0.0,3559.0,PRADA,Fragrance > Men > Perfumes (EDT > EDP)
Plix The Plant Fix Strength Vegan Post Workout Chocolate Flavour Protein Powder,5.0,0.0,2340.0,Plix,Health > Wellness > Weight Management > Weight Gain
Chopard Brilliant Wish Eau De Parfum,5.0,1.0,3150.0,Chopard,Nykaa Luxe > Fragrance > Perfumes (EDP/EDT)
Charlotte Tilbury Hot Lips 2.0 - Patsy Red,5.0,2.0,3450.0,Charlotte Tilbury,Makeup > Lips > Lipstick
Carbamide Forte Novosules Daily Multivitamin with Probiotics Supplement,5.0,0.0,,Carbamide Forte,Health & Wellness > Health Supplements > Multivitamins
Cadiveu Brasil Cacau Eco Keratin,5.0,0.0,7000.0,CADIVEU,Hair > Shop By Hair Type > Straight
Burberry My Burberry Eau De Toilette,5.0,1.0,3680.0,Burberry,Fragrance > Women > Perfumes (EDT & EDP)
Burberry Brit Rhythm Men Eau De Toilette,5.0,0.0,2960.0,Burberry,Nykaa Luxe > Fragrance > Perfumes (EDP/EDT)
Burberry Brit For Her Eau De Parfum,5.0,2.0,3400.0,Burberry,
Ralph Lauren Polo Red Intense Eau De Parfum,5.0,1.0,4900.0,Ralph Lauren,
Red Hunt Fairness Face Wash For Men,5.0,2.0,80.0,Red Hunt,Men's Store > Shop By Concern > Anti Acne
SSCPL Herbals Conditioner For Dry And Damaged Hair,5.0,2.0,290.0,SSCPL Herbals,Natural > Hair > Conditioner
Blue Nectar Shubhr Massage Oil for Stretch Marks Scars,5.0,2.0,445.0,Blue Nectar,Natural > Shop By Concern > Anti Aging
DIOR Miss Dior Blooming Bouquet Eau De Toilette,5.0,0.0,7700.0,DIOR,
Note Mineral Blusher - 103,5.0,2.0,1499.0,Note,Makeup > Face > Blush
Skin Secrets Lemon Facial Gel,5.0,0.0,255.0,Skin Secrets,
Niconi Lemon Cream Face Wash,5.0,3.0,60.0,Niconi,Skin > Cleansers > Face Wash
KOCOSTAR Waffle Mask Set - Ice Cream,5.0,5.0,378.0,KOCOSTAR,Skin > Masks > Sheet Masks
Kapiva Ayurveda Apple Cider Vinegar Gummies,5.0,1.0,525.0,Kapiva Ayurveda,
Kiehl's Facial Fuel Energizing Moisture Treatment for Men SPF 19,5.0,1.0,3100.0,Kiehl's,Nykaa Luxe > Skin > Face > Moisturisers
Kiko Milano Konscious Vegan Matte Blush - 03 Imagine,5.0,0.0,1090.0,Kiko Milano,Makeup > Face > Blush
L'Occitane Shea Butter Extra Gentle Soap - Verbena,5.0,1.0,580.0,L'Occitane,Personal Care > Bath > Shower > Soaps
Gucci Guilty Eau De Toilette For Him,5.0,0.0,5400.0,Gucci,
Lime Crime Plushies Soft Matte Lipstick - Butterscotch,5.0,22.0,1900.0,Lime Crime,Makeup > Lips > Liquid Lipstick
Lime Crime Velvetines Liquid Metallic Lipstick - Eclipse,5.0,0.0,1900.0,Lime Crime,Makeup > Lips > Liquid Lipstick
Floret Pack of 2 Full-Coverage Maternity Bras - Multi-Color (30B),5.0,0.0,758.0,Floret,Mom > Baby > Maternity Wear > Maternity Bra
Merlion Naturals Organic Shikakai Powder,5.0,0.0,224.0,Merlion Naturals,Natural > Hair > Shampoo > Cleanser
MuscleBlaze MB Burner Capsules,5.0,0.0,337.0,MuscleBlaze,Health > Wellness > Shop By Concern > Immunity
MuscleBlaze Whey Protein - Vanilla,5.0,0.0,2135.0,MuscleBlaze,Health > Wellness > Shop By Concern > Bones > Joints
Dunhill Desire Eau De Toilette,5.0,1.0,5100.0,Dunhill,Fragrance > Men > Perfumes (EDT > EDP)
Dr. Sheth's Basic Brightening Youth Glotion,5.0,14.0,850.0,Dr. Sheth's,Skin > Shop By Concern > Skin Brightening
Dermacol Iconic Lips 2-In-1 Lipstick & Lipliner - 1,5.0,1.0,2149.0,Dermacol,Makeup > Lips > Lipstick
Neemli Naturals Tea Tree & Salicylic Face Wash,5.0,8.0,315.0,Neemli Naturals,Men's Store > Shop By Concern > Anti Acne
Niconi Green Apple Cream Face Wash,5.0,2.0,60.0,Niconi,Skin > Cleansers > Face Wash
Silkberry Jasmine & Mogra Body Butter,5.0,3.0,360.0,Silkberry,Natural > Body Care > Body Lotions
Jiva Ayurveda Jiva Hair Conditioner,5.0,0.0,95.0,Jiva Ayurveda,Natural > Hair > Conditioner
Allin Exporters Steam Distilled Lemon Essential Oil,5.0,1.0,277.0,Allin Exporters,Skin > Body Care > Massage Oils
Wishcare 100% Pure Lemongrass Essential Oil - Cymbopogon Flexuosus,5.0,5.0,299.0,Wishcare,Natural > Shop By Concern > Hairfall
Zerb Fresh Lemon Face Scrub,5.0,0.0,299.0,Zerb,Skin > Shop By Concern > Pore Care
Allin Exporters Ylang Ylang Oil,5.0,0.0,171.0,Allin Exporters,
The Hair Kitchen Enrich Hair Oil with Jasmin Extracts,5.0,1.0,400.0,The Hair Kitchen,Natural > Hair > Hair Oil
Spinz Master Mover Deodorant Body Spray For Men,5.0,1.0,200.0,Spinz,Men's Store > Fragrance > Deodorants/Roll-ons
Tjori Olive & Flaxseed Baby Massage Oil,5.0,0.0,449.0,Tjori,Mom > Baby > Baby Care > Baby Oil
Versace Eros Pour Femme Eau De Toilette,5.0,3.0,3273.0,Versace,Nykaa Luxe > Fragrance > Perfumes (EDP & EDT)
True Elements Sunflower Raw Seeds,5.0,0.0,175.0,True Elements,Health > Wellness > Good for You > Super Food
YLG Spectacolor Creme Nail Paint - Petals And Blossoms,5.0,0.0,149.0,YLG,Makeup > Nails > Nail Polish
Zerb Almond Nourishing Cream,5.0,1.0,299.0,Zerb,Skin > Moisturizers > Face Moisturizer > Day Cream
Zerb Gold Moisturizing Gel,5.0,1.0,250.0,Zerb,Skin > Moisturizers > Face Moisturizer > Day Cream
Tea Treasure Rooibos Red Tea 18 Pyramid Tea Bags,5.0,0.0,269.0,Tea Treasure,Health > Wellness > Good for You > Green Tea
Aveda Botanical Repair Strengthening Shampoo,4.9,10.0,750.0,Aveda,Natural > Hair > Shampoo > Cleanser
Aveda Dry Remedy Moisturizing Conditioner,4.9,4.0,950.0,Aveda,Natural > Shop By Concern > Dry > Frizzy Hair
Pahadi Local Gutti Ka Tel (Apricot Kernel Oil),4.9,2.0,775.0,Pahadi Local,Natural > Shop By Concern > Anti Aging
M.A.C Veluxe Pearl Eye Shadow (Pro Palette Refill Pan) - Coppering,4.9,12.0,1100.0,M.A.C,Makeup > Makeup Kits > Customize Your Palette
Herms Eau D'Orange Verte Eau De Cologne,4.9,4.0,5050.0,HERM,Nykaa Luxe > Fragrance > Colognes
Paese Cosmetics Automatic Eye Pencil - 01 Deep Black,4.8,1.0,699.0,Paese Cosmetics,Makeup > Eyes > Eyeliner
Murad Essential-C Cleanser,4.8,6.0,990.0,Murad,Nykaa Luxe > Skin > Face > Cleanser
Rahul Phate's Desaline Shampoo,4.8,3.0,350.0,Rahul Phate's,Personal Care > Bath > Shower > Shampoo
MyGlamm Twin Faced Concealer - Toffee Dusky,4.8,1.0,795.0,MyGlamm,Makeup > Face > Concealer
Tommy Hilfiger Tommy Now Eau De Toilette,4.8,2.0,1680.0,Tommy Hilfiger,Men's Store > Gifts > Nykaa
Just Herbs Ayurvedic Soya Protein Dandruff Control Shampoo,4.8,2.0,155.0,Just Herbs,Hair > Shop By Concern > Color Protection
Nature's Essence Organic Oriental Orange 'N' Lime D-Tan Face Wash,4.8,1.0,76.0,Nature's Essence,Natural > Body Care > Body Lotions
Big Muscles Nutrition Quick Mass Malt Chocolate Powder,4.8,0.0,1020.0,Big Muscles,Health > Wellness > Weight Management > Weight Gain
Huda Beauty Tantour - Rich,4.8,40.0,2125.0,Huda Beauty,Nykaa Luxe > Makeup > Face > Bronzer
L'Occitane Amande Concentre De Lait Milk Concentrate With Almond Milk,4.8,0.0,1050.0,L'Occitane,
Makeup Revolution Precious Stone Highlighter Palette - Ruby Crush,4.8,2.0,1100.0,Makeup Revolution,Makeup > Combos > Nykaa
Trichup Healthy - Long & Strong Neem Heena & Aloe Vera Hair Shampoo,4.7,32.0,85.0,Trichup,Natural > Shop By Concern > Hairfall
MESMARA Sesame Oil,4.7,4.0,212.0,MESMARA,
Aveda Wooden Paddle Brush,4.7,11.0,2050.0,Aveda,Hair > Tools > Accessories > Hair Brushes
Miss Claire Natural Mineral Compact Powder - 21 Natural Beige,4.7,20.0,495.0,Miss Claire,Makeup > Face > Compact
Montblanc Emblem Eau De Toilette,4.7,3.0,3600.0,Montblanc,
Guerlain La Petite Robe Noire Legere Eau De Parfum,4.7,3.0,6125.0,Guerlain,Nykaa Luxe > Fragrance > Perfumes (EDP/EDT)
Givenchy Gentlemen Only Eau De Toilette Spray,4.7,4.0,5650.0,Givenchy,Men's Store > Gifts > Nykaa
Kay Beauty Matte Lipstick - Award Night,4.7,41.0,999.0,Kay Beauty,Makeup > Lips > Lipstick
SSCPL Herbals Keshkalap Advanced Sesame Hair Oil,4.7,2.0,240.0,SSCPL Herbals,
Lotus Herbals Baby + Tender Touch Baby Body Lotion,4.7,12.0,165.0,Lotus Herbals,Brand > Lotus Herbals
Vaseline Intensive Care Cocoa Glow Body Lotion,4.6,1095.0,99.0,Vaseline,Skin > Shop By Concern > Skin Dryness
Chambor Eyebrow Pencil - Dark Brown #02,4.6,12.0,595.0,Chambor,Makeup > Eyes > Eye Brow Enhancers
Clean & Clear Morning Energy Berry Blast Face Wash,4.6,59.0,80.0,Clean & Clear,Personal Care > Face > Facewash
Lotus Herbals Cocomoist Cocoa-Butter Moisturising Lotion,4.6,81.0,295.0,Lotus Herbals,Personal Care > Face > Moisturizer
Too Faced Melted Matte Lipstick - Bend & Snap!,4.6,150.0,1600.0,Too Faced,
Dermalogica Mini Daily Superfoliant,4.6,34.0,1800.0,Dermalogica,Skin > Shop By Concern > Pore Care
Physicians Formula The Healthy Foundation SPF 20 - MW2 Medium Warm 2,4.6,19.0,1200.0,Physicians Formula,Makeup > Face > Foundation
Davidoff Horizon Eau De Toilette,4.6,3.0,2300.0,Davidoff,
Lime Crime Velvetines Liquid Matte Lipstick - Red Velvet,4.6,65.0,1900.0,Lime Crime,Makeup > Lips > Liquid Lipstick
ETUDE HOUSE Face Color Shading - 02,4.6,4.0,600.0,ETUDE HOUSE,Makeup > Face > Contour
Lime Crime Velvetines Liquid Matte Lipstick - Lulu,4.6,65.0,1900.0,Lime Crime,Makeup > Lips > Liquid Lipstick
Montblanc Explorer Eau De Parfum,4.6,9.0,4590.0,Montblanc,Fragrance > Men > Perfumes (EDT > EDP)
Smashbox Spotlight Palette - Pearl,4.6,10.0,3050.0,Smashbox,Makeup > Face > Highlighters
Dazller Eterna Precious Nail Glitter - 11 Indigo,4.6,14.0,150.0,Dazller Eterna,Makeup > Nails > Nail Polish
NIVEA Body Lotion Nourishing Body Milk - For Very Dry Skin,4.6,2129.0,125.0,Nivea,Personal Care > Body > Lotions > Creams
Davidoff Cool Water Man Intense Eau De Parfum,4.6,3.0,2320.0,Davidoff,
Kay Beauty Matte Lipstick - On Screen,4.6,31.0,999.0,Kay Beauty,Makeup > Lips > Lipstick
Axe Signature Denim After Shave Lotion,4.6,22.0,125.0,Axe,Men's Store > Shaving > Aftershave Lotion
M.A.C Retro Matte Lipstick - Flat Out Fabulous,4.6,2446.0,1700.0,M.A.C,Makeup > Lips > Lipstick
MESMARA Extra Virgin Olive Oil,4.6,1.0,299.0,MESMARA,Natural > Skin > Face Oils
Max Care Virgin Coconut Oil (Cold Pressed),4.6,68.0,220.0,Max Care,Hair > Shop By Concern > Dry > Frizzy Hair
Charlotte Tilbury Matte Revolution - Festival Magic,4.6,53.0,3150.0,Charlotte Tilbury,Nykaa Luxe > Makeup > Lips > Lipstick
Charlotte Tilbury Luxury Palette - The Sophisticate,4.6,21.0,4900.0,Charlotte Tilbury,Makeup > Combos > Nykaa
Colorbar Wow Brows Flat Tip Tweezer,4.6,0.0,225.0,Colorbar,Makeup > Tools & Brushes > Tweezers
Lotus Herbals Tea Tree & Cinnamon Anti-acne Oil Control Face Wash,4.5,397.0,140.0,Lotus Herbals,Natural > Trending Searches > Tea Tree Oil
Faces Canada Ultime Pro Matte Lip Crayon With Free Sharpener - Peach Me 08,4.5,2749.0,719.0,Faces Canada,Makeup > Lips > Lipstick
Lime Crime Lip Blaze Cream Liquid Lipstick - Herb,4.5,11.0,1900.0,Lime Crime,Makeup > Lips > Liquid Lipstick
L'Occitane Terre De Lumiere Beautifying Body Milk,4.5,4.0,710.0,L'Occitane,Personal Care > Body > Lotions > Creams
M.A.C Matte Lipstick - Diva,4.5,1620.0,1700.0,M.A.C,
Gillette Sensitive Shave Foam - 418gm 33% Extra Free,4.5,47.0,179.0,Gillette,
Wet n Wild Pro Brush Line - Dome Pencil Eye Brush (EC221A),4.5,0.0,599.0,Wet n Wild,Makeup > Tools & Brushes > Eye Brush
GK Hair Color Shield Shampoo,4.5,1.0,1500.0,GK Hair,Hair > Shop By Concern > Dry > Frizzy Hair
Guerlain Parure Gold Precious Light Concealer - 02 Precious Light,4.5,1.0,3250.0,Guerlain,Makeup > Eyes > Under Eye Concealer
Guerlain Rose Aux Joues - 03 Peach Party,4.5,0.0,4775.0,Guerlain,Makeup > Face > Blush
Head & Shoulders Supreme Scalp Rejuvenation Shampoo,4.5,4.0,209.0,Head & Shoulders,Personal Care > Bath > Shower > Shampoo
APS Cosmetofood Exfoliating Olive Scrub,4.5,3.0,600.0,APS COSMETOFOOD,Natural > Shop By Concern > Tan Removal
M.A.C Eye Shadow X 9 - Amber Times Nine,4.5,140.0,3700.0,M.A.C,Nykaa Luxe > Makeup > Palettes > Eye Palette
LOreal Paris Colour Protect Conditioner 30 Wash UV Filter,4.5,181.0,85.0,L'Oreal Paris,Brand > L'Oreal Paris
L'Oreal Paris Pure Reds Color Riche Collection Star Lipsticks - Pure Rouge,4.5,666.0,750.0,L'Oreal Paris,Makeup > Lips > Lipstick
Head & Shoulders Silky Black Anti Dandruff Shampoo,4.5,22.0,150.0,Head & Shoulders,Hair > Hair Care > Shampoo
NIVEA Body Lotion Shea Smooth Milk - For Dry Skin,4.5,212.0,275.0,Nivea,Skin > Body Care > Lotions > Creams
Estee Lauder Perfectly Clean Multi Action Foam Cleanser / Purifying Mask Mini,4.5,32.0,1250.0,Estee Lauder,Skin > Shop By Concern > Skin Dryness
Bombay Shaving Company Charcoal Face Pack,4.5,7.0,139.0,Bombay Shaving Company,
Ponds Moisturising Cold Cream,4.5,316.0,89.0,Ponds,Personal Care > Face > Moisturizer
Chambor Silver Shadow Pressed Powder - 103 Sable RR3,4.5,7.0,650.0,Chambor,Makeup > Face > Compact
Ponds Super Light Gel Oil Free Moisturiser With Hyaluronic Acid + Vitamin E,4.5,5425.0,149.0,Ponds,Skin > Shop By Concern > Skin Dryness
Benefit Cosmetics Brow Zings Eyebrow Shaping Kit - 06 Deep,4.5,30.0,3060.0,Benefit Cosmetics,
TS Matte Collection Nail Enamel - Netflix And Chill,4.5,39.0,110.0,TS,Makeup > Nails > Nail Polish
TONYMOLY I'M Red Wine Mask Sheet,4.5,3522.0,100.0,TONYMOLY,Skin > Masks > Sheet Masks
Bobbi Brown Soothing Cleansing Oil,4.5,5.0,1150.0,Bobbi Brown,Nykaa Luxe > Skin > Face > Cleanser
NIVEA Body Lotion Oil in Lotion Rose & Argan Oil - For Dry Skin,4.5,1220.0,260.0,Nivea,Brand > Nivea
Bobbi Brown Long-Wear Cream Shadow Stick - Bark,4.5,60.0,3150.0,Bobbi Brown,
Rimmel London Lasting Matte Foundation - 001 Fair Porcelain,4.5,8.0,799.0,Rimmel London,Makeup > Face > Foundation
Bobbi Brown Extra Illuminating Moisture Balm - Bare Glow,4.5,13.0,7900.0,Bobbi Brown,Makeup > Face > BB > CC Cream
Sulwhasoo First Care Activating Serum,4.5,84.0,1665.0,Sulwhasoo,Nykaa Luxe > Shop by Concern > Anti-Ageing
Bobbi Brown Corrector - Porcelain Peach,4.5,47.0,3200.0,Bobbi Brown,Makeup > Eyes > Under Eye Concealer
Jovees Fairness Lotion Water Resistant Sun Screen SPF 25,4.5,29.0,274.0,Jovees,Natural > Types of Skin > Combination Skin
Himalaya Men Daily Nourish Hair Cream,4.5,0.0,41.0,Himalaya,Brand > Himalaya
Too Faced Better Than Sex Mascara Travel Size - Black,4.5,265.0,1050.0,Too Faced,Makeup > Eyes > Mascara
Neemli Naturals Glycolic Acid & Hydrolysed Collagen Pit Repair Concentrate,4.5,11.0,675.0,Neemli Naturals,Natural > Shop By Concern > Pigmentation
Himalaya Gentle Baby Wipes 12's,4.5,80.0,44.0,Himalaya,Mom > Baby > Baby Care > Wipes > Buds
NIVEA Creme - All Season Multi Purpose Cream,4.5,1177.0,175.0,Nivea,Personal Care > Face > Moisturizer
The Moms Co. Natural Baby Lotion,4.5,177.0,393.0,The Moms Co.,Personal Care > Body > Lotions > Creams
Colorbar Mattillusion Blush - 003 Flushed Satin,4.5,147.0,675.0,Colorbar,Makeup > Face > Blush
NIVEA Creme Care Body Wash,4.5,513.0,199.0,Nivea,Skin > Body Care > Lotions > Creams
Nykaa Wanderlust Handwash - Japanese Cherry Blossom,4.5,378.0,169.0,Nykaa Naturals,Brand > Nykaa Naturals
Nykaa Gold Rush Nail Lacquer - Flicker Gold 114,4.5,411.0,199.0,Nykaa Cosmetics,Makeup > Nails > Nail Polish
The Face Shop Club Ryan Velvet Lip Tint - Graceful Rose,4.5,22.0,793.0,The Face Shop,Makeup > Lips > Liquid Lipstick
NIVEA Soft - Light Moisturising Cream,4.5,2679.0,185.0,Nivea,Skin > Moisturizers > Face Moisturizer > Day Cream
Dhathri Hair Care Plus Oil,4.5,15.0,248.0,Dhathri,Natural > Hair > Hair Oil
Disguise Cosmetics Feather-Light Matte Liquid Lip Cream - 36 Curious Wine,4.5,105.0,700.0,Disguise Cosmetics,Natural > Makeup > Lipstick
Joy Pure Aloe Multi-Benefit Body Lotion,4.4,17.0,195.0,Joy,Skin > Body Care > Lotions > Creams
Kay Beauty Matte Eyeshadow Stick - Enigma,4.4,444.0,509.0,Kay Beauty,Makeup > Eyes > Eye Shadow
Just Herbs Silksplash Neem-Orange Rehydrant Face Wash,4.4,25.0,172.0,Just Herbs,
Khadi Natural Ayurvedic Herbal Olive Hair and Body Oil,4.4,145.0,131.0,Khadi Natural,
Kay Beauty Nail Nourish Nail Enamel Polish - Wine Berry 30,4.4,2810.0,191.0,Kay Beauty,Makeup > Nails > Nail Polish
Kay Beauty Nail Nourish Nail Enamel Polish - Sun Baked 17,4.4,2823.0,191.0,Kay Beauty,Makeup > Nails > Nail Polish
Kama Ayurveda Cold Pressed Organic Neem Oil,4.4,125.0,315.0,Kama Ayurveda,Skin > Moisturizers > Face Oils
Smashbox Always On Liquid Lipstick - Gula-Bae,4.4,1192.0,2100.0,Smashbox,Makeup > Lips > Liquid Lipstick
Lakme Absolute Spotlight Eye Shadow Palette - Stilettos,4.4,47.0,995.0,Lakme,Makeup > Combos > Nykaa
Lakme Peach Milk Moisturiser SPF 24 PA++,4.4,1470.0,125.0,Lakme,Skin > Body Care > Lotions > Creams
Smashbox The Original Photo Finish Foundation Primer - Smooth & Blur - Travel Size,4.4,217.0,1450.0,Smashbox,Nykaa Luxe > Makeup > Face > Primer
Salvatore Ferragamo F Pour Homme Eau De Toilette,4.4,2.0,3075.0,Salvatore Ferragamo,
SSCPL Herbals Shampoo For Chemically Treated Hair,4.4,3.0,260.0,SSCPL Herbals,Natural > Hair > Shampoo > Cleanser
Swiss Beauty Intense Gel Kajal Eyeliner - Bronze,4.4,58.0,299.0,Swiss Beauty,Makeup > Eyes > Eyeliner
Synaa Hair Coat Hair With Argan Oil,4.4,1.0,109.0,SYNAA,Hair > Shop By Concern > Split Ends
Raaga Professional PRO Botanix Repair & Nourish Shampoo-200ml,4.4,21.0,350.0,Raaga Professional,Personal Care > Bath > Shower > Shampoo
The Body Care Amla Shikakai Shampoo,4.4,9.0,230.0,The Body Care,Personal Care > Bath > Shower > Shampoo
Ponds Light Moisturiser Non-Oily Fresh Feel With Vitamin E + Glycerine,4.4,2272.0,120.0,Ponds,Skin > Moisturizers > Face Moisturizer > Day Cream
The Body Shop All-In-One Face Base - 045,4.4,58.0,1395.0,The Body Shop,Makeup > Face > Foundation
Ponds Cold Cream Honey & Milk Protein Face Cream,4.4,86.0,94.0,Ponds,Skin > Moisturizers > Face Moisturizer > Day Cream
The Body Shop Exfoliating Skin Towel - Pink,4.4,14.0,396.0,The Body Shop,
PRADA Luna Rossa Carbon Eau De Parfum,4.4,2.0,2990.0,PRADA,Nykaa Luxe > Fragrance > Perfumes (EDP & EDT)
PAC Take Cover Concealer - 05 Caramel Touch,4.4,102.0,495.0,PAC,Makeup > Eyes > Under Eye Concealer
Olivia Herb Bleach,4.4,73.0,45.0,Olivia,Skin > Shop By Concern > Skin Brightening
Olay Moisturizing Cream,4.4,477.0,299.0,Olay,Skin > Moisturizers > Face Moisturizer > Day Cream
Nykaa Get Cheeky! Blush Duo Palette - Cali Chick 02,4.4,1087.0,629.0,Nykaa Cosmetics,Makeup > Face > Blush
NIVEA Soft Light Moisturizing Cream Tropical Fruit Fragrance,4.4,558.0,85.0,Nivea,Personal Care > Hands > Feet > Hand Creams
VLCC 3 In 1 Intensive Care Cold Cream SPF 20,4.4,79.0,65.0,VLCC,Skin > Shop By Concern > Skin Dryness
NIVEA Oil-in-Lotion Tender Coconut & Tiare Oil Body Lotion,4.4,126.0,260.0,Nivea,Skin > Body Care > Lotions > Creams
Vaadi Herbals Lychee Lip Therapy,4.4,612.0,48.0,Vaadi Herbals,Natural > Makeup > Lip Balm > Gloss
Vaseline Healthy Bright Sun + Pollution Protection Body Lotion SPF 30,4.4,294.0,135.0,Vaseline,Skin > Sun Care > Body Sunscreen
Moi By Nykaa Epice Eau de Perfume,4.4,346.0,900.0,Nykaa Cosmetics,Fragrance > Women > Perfumes (EDT > EDP)
Maybelline New York Color Sensational The Loaded Bolds Lipstick - 08 Sunny Coral,4.4,1522.0,238.0,Maybelline New York,Makeup > Lips > Lipstick
Maybelline New York Baby Lips Color Candy Rush Lip Balm - Cotton Candy,4.4,157.0,190.0,Maybelline New York,Makeup > Lips > Lip Balm
M.A.C Lustre Lipstick - Touch,4.4,101.0,1700.0,M.A.C,
Lotus Herbals Jojobawash Active Milli Capsules Nourishing Face Wash,4.4,140.0,119.0,Lotus Herbals,Brand > Lotus Herbals
Lotus Herbal Quincenourish Quince Seed Massage Crme,4.4,26.0,375.0,Lotus Herbals,Natural > Skin > Moisturizer
Liril Lemon & Tea Tree Soap Oil,4.4,34.0,32.0,Liril,Skin > Body Care > Soaps
Lime Crime Wet Cherry Lip Gloss - Cherry Candy,4.4,16.0,1700.0,Lime Crime,Makeup > Lips > Lip Gloss
Lakme Absolute Skin Natural Mousse - Almond Honey 06,4.4,4140.0,499.0,Lakme,Brand > Lakme
theBalm Shadow And Blush - CabanaBoy,4.4,44.0,1799.0,theBalm,Makeup > Makeup Kits > Eye Palettes
Estee Lauder Advanced Night Repair Synchronized Multi-Recovery Complex,4.4,333.0,1250.0,Estee Lauder,
Closeup Nature Boost Anti Germ Mouthwash,4.4,9.0,105.0,Close-Up,Natural > Body Care > Oral Care
Himalaya Herbals Gentle Exfoliating Walnut Scrub,4.4,311.0,64.0,Himalaya,Natural > Types of Skin > Oily Skin
"Forest Essentials Hair Conditioner - Amla, Honey & Mulethi (Travel Mini)",4.4,61.0,350.0,Forest Essentials,
Chambor Silver Shadow Compact Powder - Sable RR3,4.4,90.0,995.0,Chambor,Makeup > Face > Compact
Himalaya Herbals Nourishing Face Moisturizing Lotion,4.4,209.0,75.0,Himalaya,
Forest Essentials Hair Conditioner - Bhringraj & Shikakai (Travel Mini),4.4,100.0,350.0,Forest Essentials,Natural > Shop By Concern > Hairfall
Biotique Bio Papaya Revitalizing Tan removal Scrub,4.4,8513.0,49.0,Biotique,Brand > Biotique
Himalaya Herbals Soothing Body Lotion,4.4,135.0,72.0,Himalaya,Brand > Himalaya
Clinique Moisture Surge 72-Hour Auto-Replenishing Hydrator Mini,4.4,4261.0,890.0,Clinique,Skin > Shop By Concern > Skin Dryness
Fabindia Tea Tree Face Wash For Oily Skin,4.4,41.0,250.0,Fabindia,Natural > Trending Searches > Tea Tree Oil
Himalaya Natural Glow Kesar Face Wash,4.4,366.0,60.0,Himalaya,Men's Store > Skin Care > Facewash
Everyuth Naturals Moisturizing Fruit Face Wash With Apple Extracts,4.4,70.0,65.0,Everyuth Naturals,Personal Care > Face > Facewash
Forest Essentials Ultra-Rich Body Lotion - Mashobra Honey & Vanilla (Travel Mini),4.4,47.0,375.0,Forest Essentials,
Forest Essentials Vata Starter Kit,4.4,0.0,2495.0,Forest Essentials,Natural > Skin > Face Cream
Esbeda Women's Travelling Kit - Pink (2228),4.4,0.0,1280.0,Esbeda,Makeup > Tools & Brushes > Makeup Pouches
Godrej Protekt Germ Protection Hand Sanitizer,4.4,70.0,25.0,Godrej Protekt,Personal Care > Hands > Feet > Hand Sanitizer
Garnier Body Cocoon Intense Moisturising Lotion,4.4,116.0,135.0,Garnier,Skin > Moisturizers > Face Moisturizer > Day Cream
Incolor Exposed Better Skin Matte Foundation - 2,4.4,1.0,295.0,Incolor,Makeup > Face > Foundation
Garnier Wrinkle Lift Anti-Ageing Cream,4.4,1907.0,150.0,Garnier,Skin > Eye Care > Dark Circles > Wrinkles
Garnier Men Power White Moisturiser,4.4,32.0,79.0,Garnier,Men's Store > Skin Care > Moisturizers
Garnier Skin Naturals Sakura White Face Serum Sheet Mask,4.4,1157.0,99.0,Garnier,Skin > Masks > Masks > Peels
Huda Beauty #FauxFilter Full Coverage Matte Foundation - Dulce De Leche 350G,4.4,1191.0,3310.0,Huda Beauty,Makeup > Face > Foundation
Baby Dove Rich Moisture Baby Massage Oil,4.4,54.0,109.0,Dove,Skin > Body Care > Massage Oils
Dabur Vatika Anti Dandruff Shampoo,4.4,4.0,115.0,Vatika,Men's Store > Hair Care > Shampoo
SSCPL Herbals Mix Fruit Scrub,4.3,3.0,185.0,SSCPL Herbals,Natural > Types of Skin > Normal Skin
Garnier Ultra Blends Soy Milk & Almonds Conditioner,4.3,197.0,80.0,Garnier,Personal Care > Bath > Shower > Conditioner
Biotique Bio Papaya Visibly Flawless Face Wash For All Skin Types,4.3,2340.0,60.0,Biotique,Personal Care > Face > Facewash
Tresemme Botanique Nourish & Replenish Shampoo,4.3,1357.0,130.0,Tresemme,Personal Care > Bath > Shower > Shampoo
Matrix Biolage Colorlast Color Protecting Shampoo,4.3,130.0,205.0,Matrix,Personal Care > Bath > Shower > Shampoo
Makeup Revolution Cheek Kit - Fresh Perspective,4.3,92.0,800.0,Makeup Revolution,Makeup > Face > Bronzer
VLCC 3D Youth Boost SPF40 PA+++ Sun Screen Gel Crme,4.3,153.0,220.0,VLCC,Natural > Types of Skin > Oily Skin
Vedic Line Foot Massage Cream With Bees Wax & Neem Oil,4.3,74.0,175.0,Vedic Line,Natural > Skin > Cleanser
Aroma Magic Neem & Tea Tree Face Wash Acne Control & Oil Balancing (Oily Skin),4.3,2564.0,95.0,Aroma Magic,Natural > Trending Searches > Tea Tree Oil
Lotus Herbals Safe Sun Block Cream SPF 30 PA++ (Indian Summer Formula),4.3,258.0,225.0,Lotus Herbals,Natural > Types of Skin > Dry Skin
Maybelline New York Alia Loves New York Baby Lips SPF 20 - Manhattan Mauve,4.3,3058.0,175.0,Maybelline New York,Makeup > Lips > Lip Balm
Cadiveu Brasil Cacau Brazilian Thermal Reconstruction,4.3,2.0,7000.0,CADIVEU,Hair > Shop By Concern > Dry > Frizzy Hair
Parachute Advansed Olive & Almond Body Oil,4.3,12.0,74.0,Parachute,Natural > Types of Skin > Dry Skin
Carolina Herrera Bad Boy Eau De Toilette,4.3,3.0,4500.0,Carolina Herrera,
Colorbar All-Matte Eyeliner - Matte Brown 002,4.3,549.0,599.0,Colorbar,Makeup > Eyes > Eyeliner
Nykaa Naturals Haldi & Chandan Bathing Soap,4.3,49.0,100.0,Nykaa Naturals,Natural > Types of Skin > Combination Skin
Vaadi Herbals Dandruff Defense Lemon Shampoo With Corn Rose Conditioner,4.3,4.0,128.0,Vaadi Herbals,Natural > Trending Searches > Tea Tree Oil
Nykaa Wanderlust Deodorant Spray - French Lavender,4.3,124.0,209.0,Nykaa Naturals,Fragrance > Women > Deodorants/Roll-Ons
Nykaa Wanderlust Shower Gel - Sicilian Sweet Pea,4.3,2014.0,280.0,Nykaa Naturals,Brand > Nykaa Naturals
Nykaa Home Safe - Disinfectant Floor Cleaner - Floral,4.3,27.0,139.0,Nykaa Naturals,Brand > Nykaa Naturals
Denver Black Code Soap for Men,4.3,15.0,45.0,Denver,Skin > Body Care > Soaps
Dhathri Dheedi Anti-Hair Fall For Controlling Hair Fall Naturally Herbal Shampoo,4.3,4.0,98.0,Dhathri,Personal Care > Bath > Shower > Shampoo
Colorbar Diva Lipstick - 002 RED SHE SAID,4.3,42.0,599.0,Colorbar,Makeup > Lips > Lipstick
Dove Hair Fall Rescue Shampoo,4.3,686.0,110.0,Dove,
Maybelline New York Color Sensational Creamy Matte Lipstick The Bricks-City Heat Collection - 4 Soho Nudes,4.3,1247.0,299.0,Maybelline New York,Makeup > Lips > Lipstick
NIVEA Face Wash - Purifying,4.3,187.0,140.0,Nivea,
Too Faced Born This Way Setting Powder - Translucent Medium,4.3,13.0,2400.0,Too Faced,Makeup > Face > Loose Powder
Estee Lauder Double Wear Stay-in-Place Makeup With SPF 10 - Alabaster,4.3,476.0,3600.0,Estee Lauder,NFBA 2020 Nominees Online Sale
Vaseline Ice Cool Hydration Lotion,4.3,136.0,210.0,Vaseline,Skin > Body Care > Lotions > Creams
Faces Canada Ultime Pro Matte Mini Lip Crayon with Free Sharpener - I Am Your's 08,4.3,344.0,494.0,Faces Canada,Makeup > Lips > Lip Crayon
Faces Canada Ultime Pro Matte Mini Lip Crayon with Free Sharpener - Midnight Rose 02,4.3,344.0,439.0,Faces Canada,Makeup > Combos > Nykaa
Clinique Clarifying Lotion 3 - Combination Oily,4.3,115.0,2350.0,Clinique,Nykaa Luxe > Skin > Face > Toner
Cinthol Shave + Face Wash - Cool Wave,4.3,4.0,60.0,Cinthol,Men's Store > Skin Care > Facewash
Lakme Cushion Matte Lipstick - Orange Blossom,4.3,67.0,275.0,Lakme,Makeup > Lips > Lipstick
Nykaa SKINgenius Conceal & Correct Palette - Light 01,4.3,539.0,960.0,Nykaa Cosmetics,Makeup > New Launches
Just Herbs Ayurvedic Lipstick - Medium Nude Brown Shade no. 12,4.3,22.0,633.0,Just Herbs,Natural > Makeup > Lipstick
L'Oreal Paris La Petite Eyeshadow Palette - Feminist,4.3,76.0,799.0,L'Oreal Paris,Makeup > Eyes > Eye Shadow
Biotique Bio Gotu Kola Smooth Skin Lotion,4.3,64.0,99.0,Biotique,Brand > Biotique
Himalaya Herbals Clear Complexion Whitening Face Scrub,4.3,189.0,64.0,Himalaya,Brand > Himalaya
Himalaya Herbals Refreshing Cleansing Milk,4.3,1140.0,84.0,Himalaya,Brand > Himalaya
TS Color Police Nail Enamel - Glittery Pleasure,4.3,1564.0,85.0,TS,Makeup > Nails > Nail Polish
L'Occitane Immortelle Divine Cream,4.3,6.0,5800.0,L'Occitane,Skin > Moisturizers > Face Moisturizer > Day Cream
Biotique Bio Honey Gel Refreshing Foaming Face Wash,4.3,1121.0,65.0,Biotique,Natural > Shop By Concern > Pigmentation
Kama Ayurveda Lavender Patchouli Body Cleanser,4.3,14.0,675.0,Kama Ayurveda,Nykaa Luxe > Brand > Kama Ayurveda
Himalaya Herbals Tan Removal Orange Face Wash,4.3,645.0,67.0,Himalaya,Skin > Cleansers > Face Wash
Wild Stone Hydra Energy Spray Eau De Parfum,4.3,69.0,509.0,Wild Stone,
Just Herbs Kumuda Sacred Lotus Rejuvenating Body Wash,4.3,3.0,135.0,Just Herbs,Natural > Types of Skin > Normal Skin
Just Herbs Aloe Vera Facial Massage Gel,4.3,55.0,460.0,Just Herbs,Personal Care > Face > Moisturizer
L'Oreal Paris Color Riche Moist Matte Lipstick - 248 Flatter Me Nude,4.3,2175.0,375.0,L'Oreal Paris,Makeup > Lips > Lipstick
L'Oreal Paris Glow Mon Amour Highlighting Drops - 02 Loving Peach,4.3,147.0,454.0,L'Oreal Paris,Brand > L'Oreal Paris
Yves Rocher Pur Bleuet Express Eye Makeup Remover,4.3,3.0,580.0,Yves Rocher,Makeup > Eyes > Eye Makeup Remover
Himalaya Herbals Dryness Defense Protein Shampoo,4.3,106.0,68.0,Himalaya,Natural > Shop By Concern > Hairfall
The Moms Co. Tear-Free Natural Baby Shampoo with Organic Argan and Moringa Oils,4.3,170.0,393.0,The Moms Co.,Personal Care > Bath > Shower > Shampoo
Issey Miyake Nuit D'Issey Parfum,4.3,3.0,4122.0,Issey Miyake,Men's Store > Gifts > Nykaa
L.A. Girl Eye Lux Mesmerizing Eyeshadow - Tropicalize,4.3,110.0,675.0,L.A. Girl,Makeup > Makeup Kits > Eye Palettes
Aveda Damage Remedy Restructuring Conditioner,4.3,18.0,950.0,Aveda,Natural > Hair > Conditioner
Miss Claire Shimmer Dust - 13,4.2,40.0,295.0,Miss Claire,Makeup > Eyes > Eye Shadow
Kama Ayurveda Lavender Patchouli Hair Conditioner,4.2,34.0,725.0,Kama Ayurveda,
Faces Canada Glam On Perfect Blush - Apricot 06,4.2,359.0,503.0,Faces Canada,Makeup > Face > Blush
Faces Canada Hi Shine Nail Enamel - Minty Mintness 184,4.2,150.0,179.0,Faces Canada,Makeup > Nails > Nail Polish
Kama Ayurveda Sensitive Skin Cleansing Foam With Sandalwood & Aloe Vera,4.2,41.0,795.0,Kama Ayurveda,Nykaa Luxe > Shop by Concern > Oil Control
Clinique Dramatically Different Hydrating Jelly Mini,4.2,128.0,890.0,Clinique,Nykaa Luxe > Skin > Face > Moisturisers
Nykaa Naturals Carrot Seed Facial Oil - Pure Cold Pressed,4.2,2620.0,520.0,Nykaa Naturals,Brand > Nykaa Naturals
Nykaa Naturals Citronella Essential Oil,4.2,7483.0,280.0,Nykaa Naturals,Natural > Shop By Concern > Tan Removal
VLCC Spf 30 Pa+++ Cocoa Butter Detan Glow Body Lotion (Buy 1 Get 1 Free),4.2,25.0,399.0,VLCC,Skin > Body Care > Lotions > Creams
Nykaa Naturals Eucalyptus Essential Oil,4.2,7378.0,245.0,Nykaa Naturals,
Paco Rabanne Lady Million Prive Eau De Parfum,4.2,1.0,4219.0,Paco Rabanne,
Milani Conceal + Perfect Longwear Concealer - Light Beige,4.2,10.0,1250.0,Milani,Makeup > Eyes > Under Eye Concealer
Nykaa Naturals Tea Tree & Neem Purifying Face Wash for Acne,4.2,438.0,118.0,Nykaa Naturals,Natural > Types of Skin > Dry Skin
Himalaya Herbals Protein Hair Cream,4.2,959.0,33.0,Himalaya,Hair > Shop By Concern > Color Protection
Nykaa Skin Potion Anti-Pollution Facial Oil,4.2,2432.0,524.0,Nykaa Naturals,Skin > Shop By Concern > Skin Brightening
Ponds Sun Protect Non-Oily Sunscreen SPF 30,4.2,320.0,99.0,Ponds,Skin > Moisturizers > Face Moisturizer > Day Cream
Bioderma Sebium H2O Micellaire Water,4.2,80.0,750.0,Bioderma,NFBA 2020 Nominees Online Sale
TONYMOLY Dr.Logy Moisture Mask Sheet,4.2,47.0,138.0,TONYMOLY,
Kay Beauty Colour Corrector Stick - Lavender,4.2,452.0,509.0,Kay Beauty,Makeup > Eyes > Under Eye Concealer
O3+ Brightening & Whitening Face Wash,4.2,48.0,650.0,O3+,Skin > Shop By Concern > Skin Brightening
Vaadi Herbals Pedicure - Manicure Spa Kit Soothing & Relaxing,4.2,420.0,265.0,Vaadi Herbals,Skin > Shop By Concern > Skin Dryness
VLCC Insta Glow Gold Bleach,4.2,753.0,65.0,VLCC,
Jean Paul Gaultier Le Beau Eau De Toilette For Men,4.2,0.0,3360.0,Jean Paul Gaultier,Men's Store > Gifts > Nykaa
Beardhood Subtle Citrus Beard Oil,4.2,8.0,200.0,Beardhood,Personal Care > Men's Grooming > Beard > Moustache Care
VLCC Insta Glow Oxygen Bleach,4.2,242.0,99.0,VLCC,Natural > Skin > Cleanser
Nature's Essence Gold Bleach with Free Aloevera Gel Worth 10/-,4.2,73.0,53.0,Nature's Essence,Natural > Types of Skin > Normal Skin
Nature's Essence Active Charcoal Face Wash,4.2,7.0,81.0,Nature's Essence,Personal Care > Face > Facewash
Deborah 24 Ore Eyebrow Pencil - 281,4.2,16.0,495.0,Deborah,Makeup > Eyes > Eye Brow Enhancers
Olivia Shiner Bleach,4.2,19.0,80.0,Olivia,Skin > Kits > Combos > Facial Kits
Olivia Oxygen Bleach,4.2,4.0,80.0,Olivia,Skin > Kits > Combos > Combos > Nykaa
PRADA La Femme Intense Eau De Parfum,4.2,2.0,3575.0,PRADA,Nykaa Luxe > Fragrance > Perfumes (EDP/EDT)
Nykaa BlendMaster All-rounder Makeup Perfecting Sponge Beauty Blender - Green,4.2,1024.0,361.0,Nykaa Cosmetics,Makeup > Tools > Brushes > Sponges > Applicators
Biotique Bio Bhringraj Therapeutic Oil For Falling Hair,4.2,2326.0,159.0,Biotique,Natural > Shop By Concern > Hairfall
Vaadi Herbals Skin Whitening Saffron Face Wash With Sandal Extract - 60ml,4.2,44.0,69.0,Vaadi Herbals,Natural > Shop By Concern > Skin Lightening
Astaberry Skin Whitening Face Wash - With Mulberry & Liquorice Extracts,4.2,21.0,64.0,Astaberry,Natural > Types of Skin > Oily Skin
VLCC Total Nourishment Fruit Cream,4.2,22.0,112.0,VLCC,Brand > VLCC
Estee Lauder Double Wear Stay In Place Eye Pencil - Emerald Volt,4.2,25.0,1900.0,Estee Lauder,
Bio Oil Dry Skin Gel,4.2,310.0,230.0,Bio Oil,Skin > Shop By Concern > Pore Care
HealthVit Activated Charcoal Powder,4.2,442.0,249.0,HealthVit,Natural > Shop By Concern > Acne Treatment
Swiss Beauty Professional Blusher - 08 Sunshine,4.2,127.0,224.0,Swiss Beauty,Makeup > Face > Blush
LOreal Paris Fall Resist 3x Shampoo,4.2,248.0,65.0,L'Oreal Paris,Hair > Hair Care > Shampoo
Lotus Make-Up Ecostay Radiant Gel Foundation - Vanilla,4.2,15.0,591.0,Lotus Make Up,Natural > Makeup > Foundation > Concealer
Lotus Herbals Whiteglow Activated Charcoal Brightening Face Wash,4.2,8.0,140.0,Lotus Herbals,Natural > Skin > Face Wash
Himalaya Herbals Dryness Defense Detangler And Conditioner (100ml),4.2,135.0,90.0,Himalaya,Natural > Shop By Concern > Dry > Frizzy Hair
L'Oreal Paris Fall Resist 3x Anti-Dandruff Shampoo,4.2,396.0,69.0,L'Oreal Paris,
L'Oreal Paris Infallible Pro Matte Liquid Lipstick - 362 Plum Bum,4.2,230.0,400.0,L'Oreal Paris,Makeup > Lips > Liquid Lipstick
Spawake Pimple Solution Refreshing Face Wash,4.2,35.0,82.0,Spawake,Skin > Shop By Concern > Oil Control
Gatsby Styling Hair Cream Hard Setting - Neat & Arrange,4.2,7.0,80.0,Gatsby,Hair > Hair Styling > Gels > Waxes
Givenchy Rouge Interdit Rouge - 10 Boyish Rose,4.2,3.0,2750.0,Givenchy,Makeup > Lips > Lipstick
Astaberry Oxy + Bleach Creme,4.2,3.0,75.0,Astaberry,Natural > Types of Skin > Combination Skin
Trichup Hair Fall Control Hair Oil,4.2,57.0,160.0,Trichup,Natural > Hair > Hair Oil
Spawake Moisturising Cold Cream,4.2,9.0,129.0,Spawake,Personal Care > Face > Moisturizer
Goodcare Fresh Splash Face Wash,4.2,2.0,110.0,Goodcare,Personal Care > Face > Facewash
Sorich Organics Sunflower Seeds,4.2,1.0,180.0,Sorich Organics,Health > Wellness > Shop By Concern > Bones > Joints
Lakme Color Crush Nail Art - C1,4.2,2062.0,155.0,Lakme,Brand > Lakme
Lakme Absolute White Intense Liquid Concealer SPF 25 - Rose Fair,4.2,252.0,600.0,Lakme,Makeup > Eyes > Under Eye Concealer
Head & Shoulders 2 in 1 Active Protect Anti Dandruff Shampoo + Conditioner,4.2,56.0,185.0,Head & Shoulders,
Lakme Absolute Precision Eye Artist Eyebrow Pencil - Natural Black,4.2,63.0,600.0,Lakme,Brand > Lakme
Lakme Absolute 3D Lipstick - Romeo Red,4.2,189.0,800.0,Lakme,Brand > Lakme
Lakme 9 to 5 Weightless Matte Mousse Lip & Cheek Color - Pink Plush,4.2,8398.0,675.0,Lakme,Brand > Lakme
Lakme 9 to 5 Naturale Matte Lipstick - Rose Valet,4.2,98.0,550.0,Lakme,Makeup > Lips > Lipstick
Lakme 9 to 5 Naturale CC Cream SPF 30 PA++ - Bronze,4.2,381.0,375.0,Lakme,Brand > Lakme
Lakme 9 To 5 Pure Rouge Blusher - Coral Punch,4.2,512.0,500.0,Lakme,Makeup > Face > Blush
SUGAR Smudge Me Not Liquid Lipstick - 20 Cocoa Ammo,4.2,5642.0,499.0,SUGAR,Makeup > Lips > Liquid Lipstick
Salvatore Ferragamo F Pour Homme Black Eau De Toilette,4.2,3.0,2625.0,Salvatore Ferragamo,Men's Store > Gifts > Nykaa
Himalaya Anti-Hair Fall Shampoo With Bhringaraja,4.2,647.0,71.0,Himalaya,
Makeup Revolution Conceal And Define Concealer - C12,4.2,379.0,695.0,Makeup Revolution,Makeup > Eyes > Under Eye Concealer
"M.A.C Extra Dimension Skinfinish Powder - Oh, Darling!",4.2,20.0,3100.0,M.A.C,
Kiehl's Men's Oil Eliminator 24 Hour Anti-Shine Moisturizer,4.2,8.0,2100.0,Kiehl's,Nykaa Luxe > Shop by Concern > Oil Control
Fuschia Crystal Rose Bath Salt,4.2,1.0,213.0,Fuschia,
M.A.C In Extreme Dimension Lash Mascara / Mini - 3D Black,4.2,165.0,1050.0,M.A.C,Nykaa Luxe > Makeup > Eyes > Mascara
Astaberry Neem & Aloe Face Wash With Lamon & Basil Extracts (60ml),4.2,7.0,75.0,Astaberry,Natural > Types of Skin > Combination Skin
Masaba By Nykaa Lipstick - Touch Me Not,4.2,2256.0,449.0,Nykaa Cosmetics,Makeup > Lips > Lipstick
Biotique Natural Makeup Starstruck Matte Blush - Coral Cache,4.2,82.0,450.0,Biotique Natural Makeup,Makeup > Face > Blush
Bobbi Brown Natural Brow Shaper & Hair Touch Up - Brunette,4.2,21.0,2500.0,Bobbi Brown,
Makeup Revolution HD Pro Ultra Powder Contour Palette - Medium Dark,4.2,24.0,1850.0,Makeup Revolution,Makeup > Face > Highlighters
Forest Essentials Soundarya Radiance Cream With 24K Gold SPF25,4.2,310.0,1595.0,Forest Essentials,Nykaa Luxe > Skin > Face > Sunscreen
Berina Hair Treatment Spa For Dry & Damaged Hairs,4.1,82.0,180.0,Berina,Hair > Hair Care > Hair Creams > Masks
Smashbox Color Correcting Stick - Look Less Tired - Light (Free Sharpener Included),4.1,13.0,2090.0,Smashbox,Makeup > Face > Concealer
The Moms Co. Natural Vita Rich Face Serum (8 ml),4.1,51.0,249.0,The Moms Co.,Skin > Moisturizers > Serums > Essence
Ciat London Gelology Paint Pots - Loop the Loop,4.1,7.0,1300.0,Ciat London,Nykaa Luxe > Makeup > Nails > Nail Polish
BBLUNT Mini Salon Secret High Shine Creme Hair Colour - Chocolate Dark Brown 3,4.1,97.0,76.0,BBlunt,Hair > Hair Styling > Hair Color
Swiss Beauty Blusher & Highlighter - Shade 05,4.1,10.0,299.0,Swiss Beauty,Makeup > Face > Highlighters
Smashbox L.A. Lights Blendable Lip & Cheek Color - Beverly Hills Blush,4.1,39.0,2300.0,Smashbox,Makeup > Face > Blush
The Moms Co. Natural Vita Rich Face Cream (25 ml),4.1,20.0,314.0,The Moms Co.,Natural > Shop By Concern > Pigmentation
Biotique Bio Morning Nectar Visibly Flawless Face Pack,4.1,39.0,49.0,Biotique,Natural > Shop By Concern > Pigmentation
Smashbox Color Correcting Stick - Look Less Tired - Dark,4.1,13.0,2090.0,Smashbox,Makeup > Face > Concealer
Rimmel London Lasting Finish 25 Hour Foundation - Natural Beige,4.1,34.0,750.0,Rimmel London,Makeup > Face > Foundation
Bobbi Brown Illuminating Bronzing Powder - Antigua,4.1,8.0,3950.0,Bobbi Brown,Makeup > Face > Bronzer
Royalry Essentials Rose Gold Oil,4.1,156.0,720.0,Royalry Essentials,
VLCC Bio Elixir 10 in 1 Skin Enhance Oil,4.1,23.0,460.0,VLCC,
Aroma Treasures Tea Tree Face Wash,4.1,48.0,240.0,Aroma Treasures,Natural > Shop By Concern > Acne Treatment
Bobbi Brown Crushed Liquid Lip Color - Big Apple,4.1,522.0,1800.0,Bobbi Brown,NFBA 2020 Nominees Online Sale
Stars Cosmetics Foundation Palette Refills - FS27,4.1,27.0,150.0,Stars Cosmetics,Makeup > Makeup Kits > Customize Your Palette
Organic Harvest Skin Lightening Face Wash,4.1,45.0,205.0,Organic Harvest,Natural > Shop By Concern > Skin Lightening
Stars Cosmetics Concealer - Yellow,4.1,80.0,250.0,Stars Cosmetics,Makeup > Face > Concealer
The Body Care Herbal Shampoo With Conditioner,4.1,6.0,161.0,The Body Care,Natural > Combos > Nykaa
Nykaa Sealed with a Kiss! Lipstick Palette - Girl Boss 01,4.1,1191.0,650.0,Nykaa Cosmetics,Makeup > Makeup Kits > Face Palettes
Biotique Bio White Orchid Skin Whitening Body Lotion,4.1,544.0,64.0,Biotique,
AMAZON KERATIN Green Tea Clarifying Shampoo,4.1,6.0,2100.0,AMAZON KERATIN,Personal Care > Bath > Shower > Shampoo
Nykaa SKINgenius Skin Perfecting & Hydrating Matte Powder Compact - Toasty Tan 05,4.1,722.0,368.0,Nykaa Cosmetics,Makeup > Face > Highlighters
Natural Vibes Ayurvedic Tea Tree Shampoo,4.1,111.0,449.0,Natural Vibes,Personal Care > Bath > Shower > Shampoo
Lakme Absolute Argan Oil Serum Foundation SPF 45 - Cool Walnut,4.1,664.0,353.0,Lakme Absolute,Makeup > Face > Foundation
Wet n Wild Photo Focus Foundation - Mocha,4.1,1225.0,300.0,Wet n Wild,Makeup > Face > Foundation
L'Oreal Paris Smooth Intense Shampoo,4.1,108.0,150.0,L'Oreal Paris,Men's Store > Hair Care > Shampoo
Herbal Me Dark Blonde Henna Hair Color - Dark Blonde,4.1,15.0,450.0,Herbal Me,Hair > Shop By Concern > Color Protection
Lotus Make-Up Pure Colors Matte Lip Color - 593 Melon Flirt,4.1,143.0,236.0,Lotus Make Up,Makeup > Lips > Lipstick
WOW Skin Science Coconut Milk Hair Conditioner,4.1,45.0,239.0,WOW,Hair > Shop By Hair Type > Curly > Wavy
Himalaya Herbals Intensive Face Moisturizing Lotion,4.1,88.0,84.0,Himalaya,Natural > Body Care > Body Lotions
Kamasutra Long Last Condoms - 3pcs,4.1,1.0,40.0,KamaSutra,Health > Wellness > Sexual Wellness > Condoms
Max Factor Face Finity All Day Flawless 3 In 1 Foundation - 40 Light Ivory,4.1,13.0,1199.0,Max Factor,Makeup > Face > Face Primer
Jovees Sandalwood Sun Cover Natural Protection - SPF 30,4.1,17.0,225.0,Jovees,Natural > Shop By Concern > Tan Removal
Wet n Wild Color Icon Loose Pigment - Carol,4.1,23.0,350.0,Wet n Wild,Makeup > Face > Highlighters
Milani Color Statement Moisture Matte Lipstick - 69 Matte Beauty,4.1,95.0,850.0,Milani,Makeup > Lips > Lipstick
Moha Herbal Face Wash,4.1,45.0,56.0,Moha,
Aroma Treasures Lavender Face Wash,4.1,13.0,240.0,Aroma Treasures,Natural > Types of Skin > Normal Skin
Lakme True Wear Color Crush - 04,4.1,444.0,170.0,Lakme,Makeup > Nails > Nail Polish
Disney Frozen Nail Polish - Golden Gloss,4.1,44.0,100.0,Disney,Mom > Baby > Kids Care > Kids Makeup
Nature's Tattva Raw & Unrefined Indian Mango Butter,4.1,10.0,235.0,Nature's Tattva,Personal Care > Body > Lotions > Creams
Allin Exporters Cold Pressed Argan Oil,4.1,2.0,179.0,Allin Exporters,
Nykaa InstaBlur Color Corrector Stick - Yellow,4.1,123.0,399.0,Nykaa Cosmetics,Makeup > Eyes > Under Eye Concealer
Nykaa Pout Perfect Lip & Cheek Velvet Matte Crayon Lipstick - Brick Me Red 04,4.0,714.0,299.0,Nykaa Cosmetics,Makeup > Face > Blush
Inglot Lipstick Matte - 446,4.0,1.0,1900.0,Inglot,Makeup > Lips > Lipstick
Kay Beauty Metallic Lip Highlighter - Cover Girl,4.0,274.0,594.0,Kay Beauty,Makeup > Lips > Liquid Lipstick
Ohria Ayurveda Saffron & Geranium Butter,4.0,1.0,1310.0,Ohria Ayurveda,Natural > Skin > Under Eye Care
Kenzo World Eau De Parfum,4.0,1.0,4425.0,Kenzo,Fragrance > Women > Perfumes (EDT & EDP)
Richfeel Luxury Gold Bleach Kit - 28g,4.0,23.0,67.0,Richfeel,Natural > Types of Skin > Normal Skin
Himalaya Gentle Baby Laundry Wash (Bottle),4.0,4.0,295.0,Himalaya,Mom > Baby > Health > Safety > Detergents > Cleansers
L'Occitane Pivoine Flora Shower Gel,4.0,2.0,710.0,L'Occitane,
Himalaya Baby Hair Oil,4.0,1.0,125.0,Himalaya,Brand > Himalaya
Biotique Bio Kelp Protein Shampoo For Falling Hair,4.0,3485.0,51.0,Biotique,Natural > Trending Searches > Peppermint Oil
O3+ Purifying Sulfur Cooling Facial Mask,4.0,11.0,4000.0,O3+,Skin > Shop By Concern > Pore Care
M.A.C Lipglass / Mini - Candy Box,4.0,145.0,1050.0,M.A.C,Makeup > Lips > Lip Gloss
Too Faced Lip Injection Extreme Lip Plumper - Original - Travel Size,4.0,239.0,1050.0,Too Faced,Makeup > Lips > Lip Gloss
Nykaa Wonderpuff Cushion Liquid Lipstick - Werk It,4.0,934.0,539.0,Nykaa Cosmetics,Makeup > Lips > Lip Stain
Wet n Wild Color Icon Blush - Fantastic Plastic Pink,4.0,1017.0,399.0,Wet n Wild,Makeup > Face > Blush
Wet n Wild Color Icon Eyeshadow Trio - I Dream Of Greenie,4.0,138.0,399.0,Wet n Wild,Makeup > Combos > Nykaa
L.A. Girl Pro Contour Cream - Deep,4.0,100.0,675.0,L.A. Girl,Makeup > Face > Highlighters
Ancient Living Tea Tree Face Wash,4.0,3.0,199.0,Ancient Living,Natural > Shop By Concern > Acne Treatment
Inveda French Red Clay Masque with Sandlwood & Beetroot,4.0,0.0,499.0,Inveda,Natural > Types of Skin > Oily Skin
Allin Exporters Bergamot Essential Oil,4.0,0.0,336.0,Allin Exporters,Skin > Body Care > Massage Oils
Greenberry Organics Organic Castor Oil For Hair Face & Body,4.0,2.0,350.0,Greenberry Organics,Natural > Hair > Hair Oil
Allin Exporters Rosehip Carrier Oil,4.0,1.0,346.0,Allin Exporters,Natural > Types of Skin > Oily Skin
Vaadi Herbals Amla Shikakai Shampoo-Hairfall & Damage Control With Reetha Extract,4.0,106.0,85.0,Vaadi Herbals,Natural > Hair > Shampoo > Cleanser
Palladio Velvet Matte Cream Lip Color - Suede,4.0,22.0,699.0,Palladio,Makeup > Lips > Liquid Lipstick
QUINOAPLEX R3 Rapid Hair Renewal Formula,4.0,1.0,3999.0,QUINOAPLEX R3,Natural > Shop By Concern > Hairfall
NYX Professional Makeup Born To Glow Liquid Illuminator - Sunbeam,4.0,551.0,850.0,NYX Professional Makeup,Makeup > Face > Highlighters
VLCC Insta Fair & Glow Mulberry & Licorice Fairness Cream with SPF 15,4.0,301.0,50.0,VLCC,
Jaquline USA Matte Stick Velvet Matte Lipstick - Boss Girl,4.0,16.0,325.0,Jaquline USA,Makeup > Lips > Lipstick
Durex Extended Pleasure,4.0,3.0,180.0,Durex,Men's Store > Wellness > Sexual Wellness
PRADA Luna Rossa Sport Eau De Toilette,4.0,1.0,2300.0,PRADA,Fragrance > Gifts > Nykaa
Jiva Ayurveda Aloe Vera Lotion,4.0,0.0,77.0,Jiva Ayurveda,Natural > Types of Skin > Normal Skin
Faces Canada Epic Lip Balm - Vanilla 03,4.0,239.0,179.0,Faces Canada,Makeup > Lips > Lip Balm
Deborah BB Cream 5 In 1 Foundation SPF 20 - 01,4.0,72.0,695.0,Deborah,Makeup > Face > Concealer
Moha Foot Care Cream,4.0,40.0,105.0,Moha,Natural > Body Care > Hands and Feet Care
VLCC Ayush Men Moisturiser,4.0,13.0,120.0,VLCC,
Aroma Magic Sunblock Lotion SPF++30 UVA/UVB,4.0,971.0,210.0,Aroma Magic,Natural > Skin > Sunscreen
Beaver Professional Marula Oil Conditioner pH 4.5-5.5,4.0,1.0,960.0,Beaver Professional,Hair > Shop By Concern > Color Protection
Nyassa Rosemary Shampoo,4.0,11.0,750.0,Nyassa,
Charlotte Tilbury Charlotte's Magic Cream,4.0,7.0,5650.0,Charlotte Tilbury,Skin > Moisturizers > Face Moisturizer > Day Cream
Maybelline New York Master Camo Color Correcting Palette - Light,4.0,187.0,900.0,Maybelline New York,Makeup > Makeup Kits > Face Palettes
DeBelle Gel Nail Lacquer - Chrome Gold,4.0,14.0,315.0,DeBelle,Makeup > Nails > Nail Polish
Allin Exporters Jojoba Oil,4.0,0.0,282.0,Allin Exporters,Natural > Skin > Face Oils
Spawake Whitening Fairness Gel Cream SPF15 PA++,3.9,5.0,129.0,Spawake,Skin > Moisturizers > Face Moisturizer > Day Cream
The Body Care Protein Conditioner,3.9,8.0,90.0,The Body Care,Personal Care > Bath > Shower > Conditioner
Incolor Exposed Studio Skin Concealer - 5,3.9,2.0,275.0,Incolor,Makeup > Eyes > Under Eye Concealer
The Body Care Peach Cream,3.9,4.0,89.0,The Body Care,Skin > Shop By Concern > Sun Protection
Kiko Milano Flawless Fusion Bronzer Powder - 05 Biscuit,3.9,37.0,1290.0,Kiko Milano,Makeup > Face > Bronzer
Bajaj Nomarks Ayurveda Antimarks Sunscreen SPF 30,3.9,24.0,49.0,Bajaj Nomarks,Natural > Types of Skin > Combination Skin
Himalaya Stretch Mark Cream For Moms,3.9,8.0,120.0,Himalaya,Brand > Himalaya
Aveda Cherry Almond Softening Shampoo,3.9,172.0,450.0,Aveda,Natural > Hair > Shampoo > Cleanser
Forest Essentials Illuminating Ojas Balm,3.9,8.0,2050.0,Forest Essentials,Skin > Moisturizers > Night Cream
VLCC Ayurveda Baby Cream,3.9,14.0,70.0,VLCC,Skin > Shop By Concern > Skin Dryness
Biotique Bio Pink Lentils Matte Look Sun Block Sunscreen SPF 40,3.9,36.0,275.0,Biotique,Skin > Shop By Concern > Skin Brightening
Coco Soul Conditioner Hair + Scalp With Virgin King Coconut Oil,3.9,15.0,719.0,Coco Soul,Hair > Hair Care > Conditioner
NYX Professional Makeup Total Control Mesh Cushion Foundation - Honey,3.9,26.0,1400.0,NYX Professional Makeup,Makeup > Face > Foundation
Bobbi Brown Perfectly Defined Long-Wear Brow Pencil - Espresso,3.9,7.0,4400.0,Bobbi Brown,Makeup > Eyes > Eye Brow Enhancers
Provoc Contour Correct Conceal Palette - Profile 1,3.9,13.0,1850.0,Provoc,Makeup > Makeup Kits > Face Palettes
Nykaa Matte to Last! Mini Metallic Liquid Lipstick and Eyeshadow - Firework,3.9,63.0,249.0,Nykaa Cosmetics,Makeup > Lips > Liquid Lipstick
Votre White Essence Brightening Massage Creme,3.9,4.0,385.0,Votre,Personal Care > Face > Moisturizer
MAKE UP FOR EVER Star Lit Glitter - S107 HOLOGRAPHIC SILVER,3.9,4.0,1850.0,MAKE UP FOR EVER,Makeup > Face > Highlighters
Daily Life Forever52 Air Foundation SPF 20 - AFD005,3.9,9.0,850.0,Daily Life Forever52,Makeup > Face > Foundation
Focallure Gelitter Eyeliner - # 2 Garnet,3.9,37.0,599.0,Focallure,Makeup > Eyes > Eyeliner
Lotus Make-Up Clash Of Colors Ecostay Butter Matte Paint Pot - Pink Craze,3.9,20.0,349.0,Lotus Make Up,Natural > Makeup > Lipstick
Schwarzkopf Gliss Hair repair with Liquid Keratin Serum Ultimate Repair Conditioner,3.9,21.0,379.0,Schwarzkopf,Hair > Shop By Concern > Dry > Frizzy Hair
Charlotte Tilbury Lip Cheat - Hot Gossip,3.9,5.0,2200.0,Charlotte Tilbury,Makeup > Lips > Lip Liner
Milani Rose Powder Blush - 08 Tea Rose,3.9,105.0,1420.0,Milani,Makeup > Face > Blush
Biotique Bio Thyme Volume Conditioner For Fine & Thinning Hair,3.9,223.0,49.0,Biotique,Brand > Biotique
Glamglow Glowsetter Makeup Setting Spray,3.9,22.0,1400.0,Glamglow,Skin > Toners > Toners > Mists
Miss Claire Gradient Baked Blusher - 1,3.9,4.0,495.0,Miss Claire,Makeup > Face > Blush
Makeup Revolution Luxury Baking Powder - Terracotta,3.9,24.0,850.0,Makeup Revolution,Makeup > Face > Compact
Forest Essentials Beauty Body Oil Soundarya,3.8,3.0,2875.0,Forest Essentials,Skin > Body Care > Massage Oils
Fabindia Tea Tree Shampoo Dandruff Control,3.8,0.0,350.0,Fabindia,Natural > Shop By Concern > Dandruff
Makeup Revolution Blush Palette - Blush Goddess,3.8,42.0,1350.0,Makeup Revolution,Makeup > Combos > Nykaa
L'Occitane Pivoine Flora Hand Cream,3.8,6.0,750.0,L'Occitane,Personal Care > Hands > Feet > Hand Creams
Nykaa Metal Addict Makeup Bag - Pinktastic!,3.8,1009.0,270.0,Nykaa Cosmetics,Makeup > Tools > Brushes > Makeup Pouches
L.A. Colors Highlight & Contour Palette - Light to Medium,3.8,58.0,325.0,L.A. Colors,Makeup > Face > Contour
GlamGals Professional Blush With Brush - Frankly Scarlet,3.8,3.0,560.0,GlamGals,Makeup > Face > Blush
Clinique Moisture Surge CC Cream Hydrating Colour Corrector Broad Spectrum SPF 30 - Medium,3.7,19.0,3850.0,Clinique,Skin > Moisturizers > BB > CC Cream
Inner Sense Organic Antimicrobial Sleeping/Feeding Bra - Blue (32B),3.7,0.0,749.0,Inner Sense,Mom > Baby > Maternity Wear > Maternity Bra
Skin Secrets Papaya Facial Kit Free Gulab Neer 100ml,3.7,1.0,192.0,Skin Secrets,Natural > Types of Skin > Dry Skin
Revolution Pro Supreme Lipstick - Haywire,3.7,6.0,348.0,Revolution Pro,Makeup > Lips > Lipstick
Makeup Revolution Highlight Reloaded - Raise the Bar,3.7,27.0,650.0,Makeup Revolution,Makeup > Face > Highlighters
Street Wear Foundation - Deep,3.7,14.0,320.0,Street Wear,Makeup > Face > Foundation
SERY Capture D' Matte Lasting Lip Color - Ml06 Red Rush,3.7,5.0,549.0,SERY,Makeup > Lips > Lipstick
Forest Essentials Soundarya Ultra Rich Body Milk With 24 Karat Gold & SPF 25,3.7,1.0,575.0,Forest Essentials,Skin > Shop By Concern > Skin Dryness
Skin Secrets Cucumber Facial Gel,3.7,1.0,204.0,Skin Secrets,Natural > Types of Skin > Combination Skin
SOVA Chamomile & Coorgi Narangi Body Wash,3.7,1.0,340.0,SOVA,Natural > Types of Skin > Dry Skin
Wet n Wild Rebel Rose MegaLast Liquid Catsuit High Shine Liquid Lipstick - Bud Romance,3.6,8.0,499.0,Wet n Wild,Makeup > Lips > Liquid Lipstick
Aroma Treasures Skin Pure Cleanser,3.6,0.0,204.0,Aroma Treasures,
Indus Valley Men Organic Beard & Hair Color Medium Brown,3.6,30.0,269.0,Indus Valley,
Estee Lauder Pure Color Envy Sculpting EyeShadow 5 Color Palette - Currant Desire,3.6,5.0,4500.0,Estee Lauder,
Shiseido Essentialist Eye Palette - 02 Paltanium Street Metals,3.6,3.0,2464.0,Shiseido,
Lotus Make-Up XXV Hydrating Serum Intense Lip Color - Peony,3.6,9.0,574.0,Lotus Make Up,
Richfeel Hair Conditioner,3.6,4.0,220.0,Richfeel,Personal Care > Bath > Shower > Conditioner
Lotus Herbals Safe Sun Whitening+ Long Last Sunblock SPF 40 PA+++,3.6,24.0,345.0,Lotus Herbals,Natural > Types of Skin > Oily Skin
"MyGlamm 5 in 1: Primer, Concealer, Foundation With SPF30 & Correctors For Light Skin",3.6,10.0,1450.0,MyGlamm,Makeup > Face > Concealer
Orly Breathable Treatment + Color Nail Lacquer - Stronger Than Ever - Red Shimmer,3.5,2.0,1000.0,Orly,Makeup > Nails > Nail Polish
Forest Essentials Silkening Shower Wash - Iced Pomegranate With Fresh Kerala Lime,3.5,3.0,295.0,Forest Essentials,Skin > Shop By Concern > Skin Dryness
DIOR Miss Dior Absolutely Blooming Eau De Parfum,3.5,2.0,9500.0,DIOR,
Corioliss Electrocurl Professional Motorized 32mm Thick Curling Wand Hair Curler,3.5,0.0,5999.0,Corioliss,Appliances > Hair Styling Tools > Curling Irons > Stylers
Palladio I'M Blushing 2-In-1 Cheek & Lip Tint - Precious,3.5,41.0,899.0,Palladio,Makeup > Lips > Lip Stain
LYN Lacquers - Stripped,3.5,20.0,350.0,LYN,Makeup > Nails > Nail Polish
Just Herbs Skin Tint - 4 Sand,3.5,38.0,1101.0,Just Herbs,Natural > Types of Skin > Dry Skin
Skin Secrets Orange Massage Cream,3.5,1.0,210.0,Skin Secrets,
Debon Herbals Aloe Vera Shampoo,3.5,3.0,210.0,Debon Herbals,Natural > Hair > Shampoo > Cleanser
PAC Pure Matte Eyeshadow - 46 Orange Candy,3.4,10.0,300.0,PAC,Makeup > Eyes > Eye Shadow
LOOkX Eyeshadow - Nr. 180 Plum Pearl,3.4,8.0,411.0,LOOkX,Makeup > Makeup Kits > Customize Your Palette
K-Veda Eyeyurvedic Kohl Liner Trends - Black Shimmer,3.4,40.0,175.0,K-Veda,Natural > Makeup > Eyeliner
Incolor Exposed Better Skin Concealer + Corrector - 5,3.4,2.0,245.0,Incolor,Makeup > Face > Concealer
BOLLYGLOW Concealer + Corrector Masala - Cocoa,3.3,2.0,665.0,BOLLYGLOW,Makeup > Eyes > Under Eye Concealer
Skin Secrets Almond Massage Cream,3.3,0.0,210.0,Skin Secrets,Natural > Types of Skin > Dry Skin
Blue Heaven Xpression Pan Cake - 74 Golden Honey,3.3,150.0,86.0,Blue Heaven,Makeup > Face > Foundation
Raw Nature Helichrysum & Sage Hand & Body Lotion,3.3,0.0,649.0,Raw Nature,Natural > Shop By Concern > Anti Aging
MESMARA Rosehip Seed Carrier Oil,3.2,4.0,382.0,MESMARA,
Kevin.Murphy Motion.Lotion Curl Enhancing Lotion,3.2,4.0,1975.0,Kevin.Murphy,Hair > Hair Care > Hair Creams > Masks
Olivia Strawberry & Apple Facial Kit,3.2,1.0,260.0,Olivia,Skin > Cleansers > Cleanser
Goodcare Youth Lift Anti Ageing Cream,3.0,2.0,450.0,Goodcare,Skin > Moisturizers > Face Moisturizer > Day Cream
Inner Sense Organic Antimicrobial Soft Nursing Bra Combo of 2 - Black (32B),3.0,0.0,1498.0,Inner Sense,Mom > Baby > Maternity Wear > Maternity Bra
Davidoff Cool Water Woman Wave Eau De Toilette,3.0,2.0,2800.0,Davidoff,Fragrance > Women > Perfumes (EDT > EDP)
MESMARA Citronella Essential Oil,3.0,0.0,349.0,MESMARA,Natural > Aromatherapy > Essential Oils
Organic Harvest Hand Wash with Goodness of Alcohol and Tea Tree,3.0,2.0,115.0,Organic Harvest,Personal Care > Hands > Feet > Handwash
Nykaa Mirror Shine Trousseau Box - Rose Gold,2.9,0.0,1799.0,Nykaa Cosmetics,Makeup > Gifts > Nykaa
House Of Makeup Double Duty Kohl + Liner - Silverrighteous,2.8,3.0,499.0,House of Makeup,Makeup > Eyes > Kajal
GUBB USA Toiletries Travel Bag,2.7,0.0,399.0,GUBB USA,Makeup > Tools & Brushes > Makeup Pouches
Beeone Diamond Facial Kit 312gm,2.7,0.0,835.0,Beeone,Skin > Shop By Concern > Skin Brightening
Nicka K Matte Lip Color - Liatris,2.2,3.0,298.0,Nicka K,Makeup > Lips > Liquid Lipstick
IsaDora Colormatic Eye Pen - 22 Dark Brown,2.0,3.0,810.0,IsaDora,Makeup > Eyes > Eyeliner
AS-IT-IS Nutrition Brown Rice Protein Isolate,2.0,0.0,576.0,As-It-Is Nutrition,Health > Wellness > Good for You > Super Food
Paese Cosmetics Sun Of Egypt Bronzing Illuminating Powder - 1 Sunrise,2.0,0.0,1499.0,Paese Cosmetics,Makeup > Face > Bronzer
First Water Hydrating Moonlight Body Mist,2.0,0.0,269.0,First Water,Fragrance > Women > Body Mist/Spray
Royalry Essentials Silver Rose Skin Hydrator Face Oil,1.9,5.0,600.0,Royalry Essentials,
Ellement Co. Soother Rejuvenate! Pocket Mist,1.0,0.0,325.0,Ellement Co.,Personal Care > Body > Deodorants/Roll-Ons
